Method,Job,AnalyzeLaunchVariance,EvaluateOverhead,MaxAbsoluteError,MaxRelativeError,MinInvokeCount,MinIterationTime,OutlierMode,Affinity,EnvironmentVariables,Jit,LargeAddressAware,Platform,PowerPlanMode,Runtime,AllowVeryLargeObjects,Concurrent,CpuGroups,Force,HeapAffinitizeMask,HeapCount,NoAffinitize,RetainVm,Server,Arguments,BuildConfiguration,Clock,EngineFactory,NuGetReferences,Toolchain,IsMutator,InvocationCount,IterationCount,IterationTime,LaunchCount,MaxIterationCount,MaxWarmupIterationCount,MemoryRandomization,MinIterationCount,MinWarmupIterationCount,RunStrategy,UnrollFactor,WarmupCount,Categories,Scenario,Mean,Error,StdDev,Median,Min,Max,Ratio,RatioSD,Gen0,Gen1,Gen2,Allocated,Alloc Ratio
NCalc_Cold,Job-JMXUSA,False,Default,Default,Default,Default,Default,Default,00000000000000,Empty,RyuJit,Default,Arm64,8c5e7fda-e8bf-4a96-9a85-a6e23a8c635c,.NET 8.0,False,True,False,True,Default,Default,False,False,False,Default,Default,Default,Default,Default,Default,Default,Default,12,Default,Default,Default,Default,Default,Default,Default,Default,16,4,ColdStart,Arith(...)ality [25],329.6 ns,0.96 ns,0.63 ns,329.5 ns,328.8 ns,331.0 ns,0.06,0.00,0.1969,0.0000,0.0000,1.61 KB,0.08
CsEval_Interpreted_Cold,Job-JMXUSA,False,Default,Default,Default,Default,Default,Default,00000000000000,Empty,RyuJit,Default,Arm64,8c5e7fda-e8bf-4a96-9a85-a6e23a8c635c,.NET 8.0,False,True,False,True,Default,Default,False,False,False,Default,Default,Default,Default,Default,Default,Default,Default,12,Default,Default,Default,Default,Default,Default,Default,Default,16,4,ColdStart,Arith(...)ality [25],"5,539.1 ns",16.41 ns,10.85 ns,"5,539.3 ns","5,516.4 ns","5,553.4 ns",1.00,0.00,2.4261,0.1068,0.0000,19.87 KB,1.00
CsEval_Compiled_Cold,Job-JMXUSA,False,Default,Default,Default,Default,Default,Default,00000000000000,Empty,RyuJit,Default,Arm64,8c5e7fda-e8bf-4a96-9a85-a6e23a8c635c,.NET 8.0,False,True,False,True,Default,Default,False,False,False,Default,Default,Default,Default,Default,Default,Default,Default,12,Default,Default,Default,Default,Default,Default,Default,Default,16,4,ColdStart,Arith(...)ality [25],"42,073.1 ns",191.07 ns,138.16 ns,"42,089.8 ns","41,717.8 ns","42,245.7 ns",7.60,0.03,3.4180,1.7090,0.0000,28.23 KB,1.42
DynamicExpresso_Cold,Job-JMXUSA,False,Default,Default,Default,Default,Default,Default,00000000000000,Empty,RyuJit,Default,Arm64,8c5e7fda-e8bf-4a96-9a85-a6e23a8c635c,.NET 8.0,False,True,False,True,Default,Default,False,False,False,Default,Default,Default,Default,Default,Default,Default,Default,12,Default,Default,Default,Default,Default,Default,Default,Default,16,4,ColdStart,Arith(...)ality [25],"133,056.9 ns",516.76 ns,373.65 ns,"133,118.4 ns","132,516.3 ns","133,717.0 ns",24.02,0.08,11.2305,2.4414,0.0000,93.23 KB,4.69
Flee_Cold,Job-JMXUSA,False,Default,Default,Default,Default,Default,Default,00000000000000,Empty,RyuJit,Default,Arm64,8c5e7fda-e8bf-4a96-9a85-a6e23a8c635c,.NET 8.0,False,True,False,True,Default,Default,False,False,False,Default,Default,Default,Default,Default,Default,Default,Default,12,Default,Default,Default,Default,Default,Default,Default,Default,16,4,ColdStart,Arith(...)ality [25],"406,696.5 ns","1,644.01 ns","1,283.53 ns","406,286.6 ns","405,270.8 ns","409,274.7 ns",73.42,0.26,67.3828,17.5781,0.0000,553.52 KB,27.86
Roslyn_Scripting_EvaluateAsync_Cold,Job-JMXUSA,False,Default,Default,Default,Default,Default,Default,00000000000000,Empty,RyuJit,Default,Arm64,8c5e7fda-e8bf-4a96-9a85-a6e23a8c635c,.NET 8.0,False,True,False,True,Default,Default,False,False,False,Default,Default,Default,Default,Default,Default,Default,Default,12,Default,Default,Default,Default,Default,Default,Default,Default,16,4,ColdStart,Arith(...)ality [25],"18,520,709.5 ns","1,200,172.93 ns","867,803.66 ns","18,395,340.5 ns","17,615,748.0 ns","20,615,106.1 ns","3,343.66",150.19,437.5000,187.5000,62.5000,3430.47 KB,172.67
NCalc_Cold,Job-JMXUSA,False,Default,Default,Default,Default,Default,Default,00000000000000,Empty,RyuJit,Default,Arm64,8c5e7fda-e8bf-4a96-9a85-a6e23a8c635c,.NET 8.0,False,True,False,True,Default,Default,False,False,False,Default,Default,Default,Default,Default,Default,Default,Default,12,Default,Default,Default,Default,Default,Default,Default,Default,16,4,ColdStart,Arith(...)dence [21],482.5 ns,10.10 ns,7.88 ns,480.9 ns,472.7 ns,495.8 ns,0.10,0.00,0.2470,0.0000,0.0000,2.02 KB,0.10
CsEval_Interpreted_Cold,Job-JMXUSA,False,Default,Default,Default,Default,Default,Default,00000000000000,Empty,RyuJit,Default,Arm64,8c5e7fda-e8bf-4a96-9a85-a6e23a8c635c,.NET 8.0,False,True,False,True,Default,Default,False,False,False,Default,Default,Default,Default,Default,Default,Default,Default,12,Default,Default,Default,Default,Default,Default,Default,Default,16,4,ColdStart,Arith(...)dence [21],"4,960.9 ns",18.28 ns,14.27 ns,"4,956.9 ns","4,940.9 ns","4,986.4 ns",1.00,0.00,2.4033,0.1068,0.0000,19.66 KB,1.00
CsEval_Compiled_Cold,Job-JMXUSA,False,Default,Default,Default,Default,Default,Default,00000000000000,Empty,RyuJit,Default,Arm64,8c5e7fda-e8bf-4a96-9a85-a6e23a8c635c,.NET 8.0,False,True,False,True,Default,Default,False,False,False,Default,Default,Default,Default,Default,Default,Default,Default,12,Default,Default,Default,Default,Default,Default,Default,Default,16,4,ColdStart,Arith(...)dence [21],"24,026.0 ns",467.27 ns,309.07 ns,"23,963.8 ns","23,498.9 ns","24,477.2 ns",4.84,0.06,3.4790,1.7090,0.0000,28.68 KB,1.46
DynamicExpresso_Cold,Job-JMXUSA,False,Default,Default,Default,Default,Default,Default,00000000000000,Empty,RyuJit,Default,Arm64,8c5e7fda-e8bf-4a96-9a85-a6e23a8c635c,.NET 8.0,False,True,False,True,Default,Default,False,False,False,Default,Default,Default,Default,Default,Default,Default,Default,12,Default,Default,Default,Default,Default,Default,Default,Default,16,4,ColdStart,Arith(...)dence [21],"169,784.0 ns","2,836.17 ns","2,050.74 ns","170,425.6 ns","167,150.3 ns","173,071.3 ns",34.22,0.41,18.0664,3.4180,0.0000,149.38 KB,7.60
Flee_Cold,Job-JMXUSA,False,Default,Default,Default,Default,Default,Default,00000000000000,Empty,RyuJit,Default,Arm64,8c5e7fda-e8bf-4a96-9a85-a6e23a8c635c,.NET 8.0,False,True,False,True,Default,Default,False,False,False,Default,Default,Default,Default,Default,Default,Default,Default,12,Default,Default,Default,Default,Default,Default,Default,Default,16,4,ColdStart,Arith(...)dence [21],"402,608.7 ns","3,770.80 ns","2,944.00 ns","401,275.5 ns","399,502.0 ns","407,880.0 ns",81.16,0.61,67.3828,20.5078,0.0000,555.77 KB,28.27
Roslyn_Scripting_EvaluateAsync_Cold,Job-JMXUSA,False,Default,Default,Default,Default,Default,Default,00000000000000,Empty,RyuJit,Default,Arm64,8c5e7fda-e8bf-4a96-9a85-a6e23a8c635c,.NET 8.0,False,True,False,True,Default,Default,False,False,False,Default,Default,Default,Default,Default,Default,Default,Default,12,Default,Default,Default,Default,Default,Default,Default,Default,16,4,ColdStart,Arith(...)dence [21],"19,712,218.5 ns","927,677.37 ns","724,269.47 ns","19,840,629.6 ns","18,525,153.6 ns","20,619,774.7 ns","3,973.51",140.70,437.5000,187.5000,62.5000,3425.64 KB,174.28
NCalc_Cold,Job-JMXUSA,False,Default,Default,Default,Default,Default,Default,00000000000000,Empty,RyuJit,Default,Arm64,8c5e7fda-e8bf-4a96-9a85-a6e23a8c635c,.NET 8.0,False,True,False,True,Default,Default,False,False,False,Default,Default,Default,Default,Default,Default,Default,Default,12,Default,Default,Default,Default,Default,Default,Default,Default,16,4,ColdStart,Arith(...)ables [24],529.3 ns,2.44 ns,1.90 ns,529.2 ns,526.5 ns,532.5 ns,0.08,0.00,0.2737,0.0000,0.0000,2.24 KB,0.10
CsEval_Interpreted_Cold,Job-JMXUSA,False,Default,Default,Default,Default,Default,Default,00000000000000,Empty,RyuJit,Default,Arm64,8c5e7fda-e8bf-4a96-9a85-a6e23a8c635c,.NET 8.0,False,True,False,True,Default,Default,False,False,False,Default,Default,Default,Default,Default,Default,Default,Default,12,Default,Default,Default,Default,Default,Default,Default,Default,16,4,ColdStart,Arith(...)ables [24],"6,567.0 ns",32.47 ns,25.35 ns,"6,560.2 ns","6,525.8 ns","6,608.2 ns",1.00,0.01,2.8229,0.1297,0.0000,23.11 KB,1.00
CsEval_Compiled_Cold,Job-JMXUSA,False,Default,Default,Default,Default,Default,Default,00000000000000,Empty,RyuJit,Default,Arm64,8c5e7fda-e8bf-4a96-9a85-a6e23a8c635c,.NET 8.0,False,True,False,True,Default,Default,False,False,False,Default,Default,Default,Default,Default,Default,Default,Default,12,Default,Default,Default,Default,Default,Default,Default,Default,16,4,ColdStart,Arith(...)ables [24],"50,667.8 ns",666.81 ns,520.60 ns,"50,830.5 ns","49,865.8 ns","51,507.5 ns",7.72,0.08,3.9063,1.9531,0.0000,32.18 KB,1.39
DynamicExpresso_Cold,Job-JMXUSA,False,Default,Default,Default,Default,Default,Default,00000000000000,Empty,RyuJit,Default,Arm64,8c5e7fda-e8bf-4a96-9a85-a6e23a8c635c,.NET 8.0,False,True,False,True,Default,Default,False,False,False,Default,Default,Default,Default,Default,Default,Default,Default,12,Default,Default,Default,Default,Default,Default,Default,Default,16,4,ColdStart,Arith(...)ables [24],"171,773.1 ns","5,473.01 ns","3,620.06 ns","171,124.1 ns","168,651.4 ns","181,536.8 ns",26.16,0.53,18.5547,2.9297,0.0000,151.51 KB,6.56
Flee_Cold,Job-JMXUSA,False,Default,Default,Default,Default,Default,Default,00000000000000,Empty,RyuJit,Default,Arm64,8c5e7fda-e8bf-4a96-9a85-a6e23a8c635c,.NET 8.0,False,True,False,True,Default,Default,False,False,False,Default,Default,Default,Default,Default,Default,Default,Default,12,Default,Default,Default,Default,Default,Default,Default,Default,16,4,ColdStart,Arith(...)ables [24],"423,391.0 ns","3,872.00 ns","3,023.01 ns","423,269.5 ns","419,184.2 ns","429,904.3 ns",64.47,0.50,69.3359,20.5078,0.0000,566.42 KB,24.51
Roslyn_Scripting_EvaluateAsync_Cold,Job-JMXUSA,False,Default,Default,Default,Default,Default,Default,00000000000000,Empty,RyuJit,Default,Arm64,8c5e7fda-e8bf-4a96-9a85-a6e23a8c635c,.NET 8.0,False,True,False,True,Default,Default,False,False,False,Default,Default,Default,Default,Default,Default,Default,Default,12,Default,Default,Default,Default,Default,Default,Default,Default,16,4,ColdStart,Arith(...)ables [24],"19,489,896.6 ns","932,031.52 ns","673,919.86 ns","19,507,061.8 ns","18,601,393.9 ns","20,688,698.6 ns","2,967.89",98.84,437.5000,187.5000,62.5000,3431.39 KB,148.48
NCalc_Cold,Job-JMXUSA,False,Default,Default,Default,Default,Default,Default,00000000000000,Empty,RyuJit,Default,Arm64,8c5e7fda-e8bf-4a96-9a85-a6e23a8c635c,.NET 8.0,False,True,False,True,Default,Default,False,False,False,Default,Default,Default,Default,Default,Default,Default,Default,12,Default,Default,Default,Default,Default,Default,Default,Default,16,4,ColdStart,Boolean/Composite,495.3 ns,9.35 ns,7.30 ns,492.1 ns,488.6 ns,508.8 ns,0.08,0.00,0.2842,0.0000,0.0000,2.33 KB,0.10
CsEval_Interpreted_Cold,Job-JMXUSA,False,Default,Default,Default,Default,Default,Default,00000000000000,Empty,RyuJit,Default,Arm64,8c5e7fda-e8bf-4a96-9a85-a6e23a8c635c,.NET 8.0,False,True,False,True,Default,Default,False,False,False,Default,Default,Default,Default,Default,Default,Default,Default,12,Default,Default,Default,Default,Default,Default,Default,Default,16,4,ColdStart,Boolean/Composite,"6,444.2 ns",59.58 ns,43.08 ns,"6,440.9 ns","6,378.0 ns","6,516.9 ns",1.00,0.01,2.9144,0.0000,0.0000,23.85 KB,1.00
CsEval_Compiled_Cold,Job-JMXUSA,False,Default,Default,Default,Default,Default,Default,00000000000000,Empty,RyuJit,Default,Arm64,8c5e7fda-e8bf-4a96-9a85-a6e23a8c635c,.NET 8.0,False,True,False,True,Default,Default,False,False,False,Default,Default,Default,Default,Default,Default,Default,Default,12,Default,Default,Default,Default,Default,Default,Default,Default,16,4,ColdStart,Boolean/Composite,"58,586.9 ns",598.07 ns,466.93 ns,"58,493.8 ns","57,681.5 ns","59,450.4 ns",9.09,0.09,4.0283,1.9531,0.0000,33.7 KB,1.41
DynamicExpresso_Cold,Job-JMXUSA,False,Default,Default,Default,Default,Default,Default,00000000000000,Empty,RyuJit,Default,Arm64,8c5e7fda-e8bf-4a96-9a85-a6e23a8c635c,.NET 8.0,False,True,False,True,Default,Default,False,False,False,Default,Default,Default,Default,Default,Default,Default,Default,12,Default,Default,Default,Default,Default,Default,Default,Default,16,4,ColdStart,Boolean/Composite,"161,566.9 ns","3,345.46 ns","2,418.99 ns","160,318.4 ns","159,363.8 ns","166,296.9 ns",25.07,0.39,15.6250,3.9063,0.0000,129.56 KB,5.43
Flee_Cold,Job-JMXUSA,False,Default,Default,Default,Default,Default,Default,00000000000000,Empty,RyuJit,Default,Arm64,8c5e7fda-e8bf-4a96-9a85-a6e23a8c635c,.NET 8.0,False,True,False,True,Default,Default,False,False,False,Default,Default,Default,Default,Default,Default,Default,Default,12,Default,Default,Default,Default,Default,Default,Default,Default,16,4,ColdStart,Boolean/Composite,"441,973.7 ns","4,572.62 ns","3,570.00 ns","440,947.8 ns","437,076.3 ns","447,672.7 ns",68.59,0.69,70.3125,20.5078,0.0000,578.58 KB,24.26
Roslyn_Scripting_EvaluateAsync_Cold,Job-JMXUSA,False,Default,Default,Default,Default,Default,Default,00000000000000,Empty,RyuJit,Default,Arm64,8c5e7fda-e8bf-4a96-9a85-a6e23a8c635c,.NET 8.0,False,True,False,True,Default,Default,False,False,False,Default,Default,Default,Default,Default,Default,Default,Default,12,Default,Default,Default,Default,Default,Default,Default,Default,16,4,ColdStart,Boolean/Composite,"18,787,474.0 ns","444,007.86 ns","293,683.71 ns","18,690,214.8 ns","18,401,621.7 ns","19,292,926.5 ns","2,915.52",47.27,437.5000,187.5000,62.5000,3431.9 KB,143.89
NCalc_Cold,Job-JMXUSA,False,Default,Default,Default,Default,Default,Default,00000000000000,Empty,RyuJit,Default,Arm64,8c5e7fda-e8bf-4a96-9a85-a6e23a8c635c,.NET 8.0,False,True,False,True,Default,Default,False,False,False,Default,Default,Default,Default,Default,Default,Default,Default,12,Default,Default,Default,Default,Default,Default,Default,Default,16,4,ColdStart,Compe(...)tress [32],"15,004.1 ns",90.93 ns,65.75 ns,"14,997.1 ns","14,889.2 ns","15,116.6 ns",0.03,0.00,7.2174,0.0153,0.0000,58.97 KB,0.05
CsEval_Interpreted_Cold,Job-JMXUSA,False,Default,Default,Default,Default,Default,Default,00000000000000,Empty,RyuJit,Default,Arm64,8c5e7fda-e8bf-4a96-9a85-a6e23a8c635c,.NET 8.0,False,True,False,True,Default,Default,False,False,False,Default,Default,Default,Default,Default,Default,Default,Default,12,Default,Default,Default,Default,Default,Default,Default,Default,16,4,ColdStart,Compe(...)tress [32],"548,972.4 ns","3,951.41 ns","2,857.13 ns","548,912.1 ns","545,317.1 ns","554,142.9 ns",1.00,0.01,138.6719,0.9766,0.0000,1137.38 KB,1.00
CsEval_Compiled_Cold,Job-JMXUSA,False,Default,Default,Default,Default,Default,Default,00000000000000,Empty,RyuJit,Default,Arm64,8c5e7fda-e8bf-4a96-9a85-a6e23a8c635c,.NET 8.0,False,True,False,True,Default,Default,False,False,False,Default,Default,Default,Default,Default,Default,Default,Default,12,Default,Default,Default,Default,Default,Default,Default,Default,16,4,ColdStart,Compe(...)tress [32],"2,830,370.6 ns","113,832.97 ns","88,873.29 ns","2,823,636.1 ns","2,705,768.2 ns","2,960,515.6 ns",5.16,0.16,164.0625,7.8125,0.0000,1357.75 KB,1.19
DynamicExpresso_Cold,Job-JMXUSA,False,Default,Default,Default,Default,Default,Default,00000000000000,Empty,RyuJit,Default,Arm64,8c5e7fda-e8bf-4a96-9a85-a6e23a8c635c,.NET 8.0,False,True,False,True,Default,Default,False,False,False,Default,Default,Default,Default,Default,Default,Default,Default,12,Default,Default,Default,Default,Default,Default,Default,Default,16,4,ColdStart,Compe(...)tress [32],"6,817,467.8 ns","39,477.22 ns","26,111.74 ns","6,823,985.7 ns","6,768,761.7 ns","6,842,582.0 ns",12.42,0.08,1250.0000,31.2500,0.0000,10320.42 KB,9.07
Flee_Cold,Job-JMXUSA,False,Default,Default,Default,Default,Default,Default,00000000000000,Empty,RyuJit,Default,Arm64,8c5e7fda-e8bf-4a96-9a85-a6e23a8c635c,.NET 8.0,False,True,False,True,Default,Default,False,False,False,Default,Default,Default,Default,Default,Default,Default,Default,12,Default,Default,Default,Default,Default,Default,Default,Default,16,4,ColdStart,Compe(...)tress [32],"7,193,240.2 ns","95,560.78 ns","74,607.57 ns","7,199,521.8 ns","6,970,947.9 ns","7,259,832.7 ns",13.10,0.15,703.1250,328.1250,31.2500,5729.92 KB,5.04
Roslyn_Scripting_EvaluateAsync_Cold,Job-JMXUSA,False,Default,Default,Default,Default,Default,Default,00000000000000,Empty,RyuJit,Default,Arm64,8c5e7fda-e8bf-4a96-9a85-a6e23a8c635c,.NET 8.0,False,True,False,True,Default,Default,False,False,False,Default,Default,Default,Default,Default,Default,Default,Default,12,Default,Default,Default,Default,Default,Default,Default,Default,16,4,ColdStart,Compe(...)tress [32],"21,781,857.3 ns","330,816.98 ns","218,814.95 ns","21,800,285.2 ns","21,297,575.5 ns","22,100,257.8 ns",39.68,0.43,531.2500,218.7500,62.5000,4247.6 KB,3.73
NCalc_Cold,Job-JMXUSA,False,Default,Default,Default,Default,Default,Default,00000000000000,Empty,RyuJit,Default,Arm64,8c5e7fda-e8bf-4a96-9a85-a6e23a8c635c,.NET 8.0,False,True,False,True,Default,Default,False,False,False,Default,Default,Default,Default,Default,Default,Default,Default,12,Default,Default,Default,Default,Default,Default,Default,Default,16,4,ColdStart,Compe(...)ition [38],248.7 ns,0.98 ns,0.65 ns,248.7 ns,247.9 ns,249.7 ns,0.06,0.00,0.1545,0.0000,0.0000,1.27 KB,0.07
CsEval_Interpreted_Cold,Job-JMXUSA,False,Default,Default,Default,Default,Default,Default,00000000000000,Empty,RyuJit,Default,Arm64,8c5e7fda-e8bf-4a96-9a85-a6e23a8c635c,.NET 8.0,False,True,False,True,Default,Default,False,False,False,Default,Default,Default,Default,Default,Default,Default,Default,12,Default,Default,Default,Default,Default,Default,Default,Default,16,4,ColdStart,Compe(...)ition [38],"4,185.8 ns",94.35 ns,73.66 ns,"4,166.1 ns","4,102.8 ns","4,358.3 ns",1.00,0.02,2.1057,0.0992,0.0000,17.26 KB,1.00
CsEval_Compiled_Cold,Job-JMXUSA,False,Default,Default,Default,Default,Default,Default,00000000000000,Empty,RyuJit,Default,Arm64,8c5e7fda-e8bf-4a96-9a85-a6e23a8c635c,.NET 8.0,False,True,False,True,Default,Default,False,False,False,Default,Default,Default,Default,Default,Default,Default,Default,12,Default,Default,Default,Default,Default,Default,Default,Default,16,4,ColdStart,Compe(...)ition [38],"34,488.6 ns",134.42 ns,104.95 ns,"34,483.8 ns","34,325.9 ns","34,641.9 ns",8.24,0.14,3.0518,1.5259,0.0000,25.36 KB,1.47
DynamicExpresso_Cold,Job-JMXUSA,False,Default,Default,Default,Default,Default,Default,00000000000000,Empty,RyuJit,Default,Arm64,8c5e7fda-e8bf-4a96-9a85-a6e23a8c635c,.NET 8.0,False,True,False,True,Default,Default,False,False,False,Default,Default,Default,Default,Default,Default,Default,Default,12,Default,Default,Default,Default,Default,Default,Default,Default,16,4,ColdStart,Compe(...)ition [38],"115,886.3 ns",324.91 ns,234.93 ns,"115,831.8 ns","115,499.0 ns","116,252.7 ns",27.69,0.46,7.8125,2.4414,0.0000,64.37 KB,3.73
Flee_Cold,Job-JMXUSA,False,Default,Default,Default,Default,Default,Default,00000000000000,Empty,RyuJit,Default,Arm64,8c5e7fda-e8bf-4a96-9a85-a6e23a8c635c,.NET 8.0,False,True,False,True,Default,Default,False,False,False,Default,Default,Default,Default,Default,Default,Default,Default,12,Default,Default,Default,Default,Default,Default,Default,Default,16,4,ColdStart,Compe(...)ition [38],"390,332.6 ns",734.89 ns,531.38 ns,"390,447.0 ns","389,065.2 ns","391,068.2 ns",93.28,1.56,66.4063,19.5313,0.0000,545.61 KB,31.62
Roslyn_Scripting_EvaluateAsync_Cold,Job-JMXUSA,False,Default,Default,Default,Default,Default,Default,00000000000000,Empty,RyuJit,Default,Arm64,8c5e7fda-e8bf-4a96-9a85-a6e23a8c635c,.NET 8.0,False,True,False,True,Default,Default,False,False,False,Default,Default,Default,Default,Default,Default,Default,Default,12,Default,Default,Default,Default,Default,Default,Default,Default,16,4,ColdStart,Compe(...)ition [38],"18,059,252.5 ns","582,931.36 ns","385,573.00 ns","17,969,528.0 ns","17,538,875.0 ns","18,888,349.0 ns","4,315.60",113.43,437.5000,187.5000,62.5000,3424.57 KB,198.44
NCalc_Cold,Job-JMXUSA,False,Default,Default,Default,Default,Default,Default,00000000000000,Empty,RyuJit,Default,Arm64,8c5e7fda-e8bf-4a96-9a85-a6e23a8c635c,.NET 8.0,False,True,False,True,Default,Default,False,False,False,Default,Default,Default,Default,Default,Default,Default,Default,12,Default,Default,Default,Default,Default,Default,Default,Default,16,4,ColdStart,Compe(...)ching [30],"1,229.3 ns",5.05 ns,3.65 ns,"1,230.5 ns","1,219.9 ns","1,232.5 ns",0.05,0.00,0.6199,0.0019,0.0000,5.08 KB,0.09
CsEval_Interpreted_Cold,Job-JMXUSA,False,Default,Default,Default,Default,Default,Default,00000000000000,Empty,RyuJit,Default,Arm64,8c5e7fda-e8bf-4a96-9a85-a6e23a8c635c,.NET 8.0,False,True,False,True,Default,Default,False,False,False,Default,Default,Default,Default,Default,Default,Default,Default,12,Default,Default,Default,Default,Default,Default,Default,Default,16,4,ColdStart,Compe(...)ching [30],"23,631.9 ns",105.58 ns,76.34 ns,"23,606.0 ns","23,475.4 ns","23,741.3 ns",1.00,0.00,6.9885,0.0000,0.0000,57.24 KB,1.00
CsEval_Compiled_Cold,Job-JMXUSA,False,Default,Default,Default,Default,Default,Default,00000000000000,Empty,RyuJit,Default,Arm64,8c5e7fda-e8bf-4a96-9a85-a6e23a8c635c,.NET 8.0,False,True,False,True,Default,Default,False,False,False,Default,Default,Default,Default,Default,Default,Default,Default,12,Default,Default,Default,Default,Default,Default,Default,Default,16,4,ColdStart,Compe(...)ching [30],"244,489.5 ns","1,429.77 ns","1,116.27 ns","244,072.6 ns","243,087.3 ns","246,246.9 ns",10.35,0.06,9.2773,4.3945,0.0000,79.31 KB,1.39
DynamicExpresso_Cold,Job-JMXUSA,False,Default,Default,Default,Default,Default,Default,00000000000000,Empty,RyuJit,Default,Arm64,8c5e7fda-e8bf-4a96-9a85-a6e23a8c635c,.NET 8.0,False,True,False,True,Default,Default,False,False,False,Default,Default,Default,Default,Default,Default,Default,Default,12,Default,Default,Default,Default,Default,Default,Default,Default,16,4,ColdStart,Compe(...)ching [30],"314,845.0 ns","2,438.47 ns","1,903.80 ns","314,421.1 ns","312,379.3 ns","317,405.4 ns",13.32,0.09,43.9453,6.8359,0.0000,365.09 KB,6.38
Flee_Cold,Job-JMXUSA,False,Default,Default,Default,Default,Default,Default,00000000000000,Empty,RyuJit,Default,Arm64,8c5e7fda-e8bf-4a96-9a85-a6e23a8c635c,.NET 8.0,False,True,False,True,Default,Default,False,False,False,Default,Default,Default,Default,Default,Default,Default,Default,12,Default,Default,Default,Default,Default,Default,Default,Default,16,4,ColdStart,Compe(...)ching [30],"547,174.5 ns","3,631.60 ns","2,402.08 ns","547,068.4 ns","544,003.9 ns","550,168.0 ns",23.15,0.12,93.7500,31.2500,0.0000,766.55 KB,13.39
Roslyn_Scripting_EvaluateAsync_Cold,Job-JMXUSA,False,Default,Default,Default,Default,Default,Default,00000000000000,Empty,RyuJit,Default,Arm64,8c5e7fda-e8bf-4a96-9a85-a6e23a8c635c,.NET 8.0,False,True,False,True,Default,Default,False,False,False,Default,Default,Default,Default,Default,Default,Default,Default,12,Default,Default,Default,Default,Default,Default,Default,Default,16,4,ColdStart,Compe(...)ching [30],"19,292,975.6 ns","1,153,409.67 ns","900,506.40 ns","19,036,453.1 ns","18,202,578.1 ns","20,731,419.2 ns",816.40,36.71,531.2500,250.0000,93.7500,3827.18 KB,66.86
NCalc_Cold,Job-JMXUSA,False,Default,Default,Default,Default,Default,Default,00000000000000,Empty,RyuJit,Default,Arm64,8c5e7fda-e8bf-4a96-9a85-a6e23a8c635c,.NET 8.0,False,True,False,True,Default,Default,False,False,False,Default,Default,Default,Default,Default,Default,Default,Default,12,Default,Default,Default,Default,Default,Default,Default,Default,16,4,ColdStart,Compe(...)ality [42],599.0 ns,1.04 ns,0.75 ns,599.0 ns,597.9 ns,600.1 ns,0.08,0.00,0.3195,0.0010,0.0000,2.62 KB,0.11
CsEval_Interpreted_Cold,Job-JMXUSA,False,Default,Default,Default,Default,Default,Default,00000000000000,Empty,RyuJit,Default,Arm64,8c5e7fda-e8bf-4a96-9a85-a6e23a8c635c,.NET 8.0,False,True,False,True,Default,Default,False,False,False,Default,Default,Default,Default,Default,Default,Default,Default,12,Default,Default,Default,Default,Default,Default,Default,Default,16,4,ColdStart,Compe(...)ality [42],"7,880.9 ns",47.39 ns,37.00 ns,"7,863.0 ns","7,845.5 ns","7,939.4 ns",1.00,0.01,3.0212,0.1373,0.0000,24.68 KB,1.00
CsEval_Compiled_Cold,Job-JMXUSA,False,Default,Default,Default,Default,Default,Default,00000000000000,Empty,RyuJit,Default,Arm64,8c5e7fda-e8bf-4a96-9a85-a6e23a8c635c,.NET 8.0,False,True,False,True,Default,Default,False,False,False,Default,Default,Default,Default,Default,Default,Default,Default,12,Default,Default,Default,Default,Default,Default,Default,Default,16,4,ColdStart,Compe(...)ality [42],"53,734.1 ns",394.69 ns,285.39 ns,"53,748.2 ns","53,143.4 ns","54,243.5 ns",6.82,0.05,4.2725,2.0752,0.0000,35.13 KB,1.42
DynamicExpresso_Cold,Job-JMXUSA,False,Default,Default,Default,Default,Default,Default,00000000000000,Empty,RyuJit,Default,Arm64,8c5e7fda-e8bf-4a96-9a85-a6e23a8c635c,.NET 8.0,False,True,False,True,Default,Default,False,False,False,Default,Default,Default,Default,Default,Default,Default,Default,12,Default,Default,Default,Default,Default,Default,Default,Default,16,4,ColdStart,Compe(...)ality [42],"176,948.9 ns","1,869.02 ns","1,351.42 ns","176,463.5 ns","175,553.9 ns","180,040.3 ns",22.45,0.19,19.5313,3.9063,0.0000,160.23 KB,6.49
Flee_Cold,Job-JMXUSA,False,Default,Default,Default,Default,Default,Default,00000000000000,Empty,RyuJit,Default,Arm64,8c5e7fda-e8bf-4a96-9a85-a6e23a8c635c,.NET 8.0,False,True,False,True,Default,Default,False,False,False,Default,Default,Default,Default,Default,Default,Default,Default,12,Default,Default,Default,Default,Default,Default,Default,Default,16,4,ColdStart,Compe(...)ality [42],"412,976.4 ns","1,587.71 ns","1,239.58 ns","412,576.3 ns","411,341.6 ns","415,357.8 ns",52.40,0.28,70.3125,20.5078,0.0000,574.61 KB,23.28
Roslyn_Scripting_EvaluateAsync_Cold,Job-JMXUSA,False,Default,Default,Default,Default,Default,Default,00000000000000,Empty,RyuJit,Default,Arm64,8c5e7fda-e8bf-4a96-9a85-a6e23a8c635c,.NET 8.0,False,True,False,True,Default,Default,False,False,False,Default,Default,Default,Default,Default,Default,Default,Default,12,Default,Default,Default,Default,Default,Default,Default,Default,16,4,ColdStart,Compe(...)ality [42],"18,216,282.3 ns","848,100.10 ns","560,965.71 ns","18,007,572.3 ns","17,729,364.6 ns","19,553,674.5 ns","2,311.50",68.61,437.5000,187.5000,62.5000,3431.51 KB,139.04
NCalc_Cold,Job-JMXUSA,False,Default,Default,Default,Default,Default,Default,00000000000000,Empty,RyuJit,Default,Arm64,8c5e7fda-e8bf-4a96-9a85-a6e23a8c635c,.NET 8.0,False,True,False,True,Default,Default,False,False,False,Default,Default,Default,Default,Default,Default,Default,Default,12,Default,Default,Default,Default,Default,Default,Default,Default,16,4,ColdStart,Compe(...)ation [33],279.1 ns,1.53 ns,1.19 ns,278.7 ns,277.8 ns,281.1 ns,0.04,0.00,0.1836,0.0000,0.0000,1.5 KB,0.07
CsEval_Interpreted_Cold,Job-JMXUSA,False,Default,Default,Default,Default,Default,Default,00000000000000,Empty,RyuJit,Default,Arm64,8c5e7fda-e8bf-4a96-9a85-a6e23a8c635c,.NET 8.0,False,True,False,True,Default,Default,False,False,False,Default,Default,Default,Default,Default,Default,Default,Default,12,Default,Default,Default,Default,Default,Default,Default,Default,16,4,ColdStart,Compe(...)ation [33],"6,234.5 ns",36.60 ns,28.58 ns,"6,234.3 ns","6,190.3 ns","6,272.5 ns",1.00,0.01,2.7237,0.0076,0.0000,22.3 KB,1.00
CsEval_Compiled_Cold,Job-JMXUSA,False,Default,Default,Default,Default,Default,Default,00000000000000,Empty,RyuJit,Default,Arm64,8c5e7fda-e8bf-4a96-9a85-a6e23a8c635c,.NET 8.0,False,True,False,True,Default,Default,False,False,False,Default,Default,Default,Default,Default,Default,Default,Default,12,Default,Default,Default,Default,Default,Default,Default,Default,16,4,ColdStart,Compe(...)ation [33],"66,165.8 ns","2,331.13 ns","1,819.99 ns","66,494.0 ns","63,470.9 ns","68,521.8 ns",10.61,0.28,3.9063,1.9531,0.0000,32.49 KB,1.46
DynamicExpresso_Cold,Job-JMXUSA,False,Default,Default,Default,Default,Default,Default,00000000000000,Empty,RyuJit,Default,Arm64,8c5e7fda-e8bf-4a96-9a85-a6e23a8c635c,.NET 8.0,False,True,False,True,Default,Default,False,False,False,Default,Default,Default,Default,Default,Default,Default,Default,12,Default,Default,Default,Default,Default,Default,Default,Default,16,4,ColdStart,Compe(...)ation [33],"114,883.4 ns",603.69 ns,436.51 ns,"114,898.5 ns","114,260.8 ns","115,573.6 ns",18.43,0.11,6.8359,2.1973,0.0000,55.87 KB,2.50
Flee_Cold,Job-JMXUSA,False,Default,Default,Default,Default,Default,Default,00000000000000,Empty,RyuJit,Default,Arm64,8c5e7fda-e8bf-4a96-9a85-a6e23a8c635c,.NET 8.0,False,True,False,True,Default,Default,False,False,False,Default,Default,Default,Default,Default,Default,Default,Default,12,Default,Default,Default,Default,Default,Default,Default,Default,16,4,ColdStart,Compe(...)ation [33],"403,808.0 ns","2,300.97 ns","1,521.95 ns","404,011.3 ns","400,775.2 ns","405,686.2 ns",64.77,0.37,69.3359,20.5078,0.0000,570.48 KB,25.58
Roslyn_Scripting_EvaluateAsync_Cold,Job-JMXUSA,False,Default,Default,Default,Default,Default,Default,00000000000000,Empty,RyuJit,Default,Arm64,8c5e7fda-e8bf-4a96-9a85-a6e23a8c635c,.NET 8.0,False,True,False,True,Default,Default,False,False,False,Default,Default,Default,Default,Default,Default,Default,Default,12,Default,Default,Default,Default,Default,Default,Default,Default,16,4,ColdStart,Compe(...)ation [33],"18,404,611.4 ns","294,899.03 ns","230,237.76 ns","18,406,517.6 ns","17,913,282.5 ns","18,738,916.7 ns","2,952.11",37.79,468.7500,187.5000,62.5000,3619.82 KB,162.29
NCalc_Cold,Job-JMXUSA,False,Default,Default,Default,Default,Default,Default,00000000000000,Empty,RyuJit,Default,Arm64,8c5e7fda-e8bf-4a96-9a85-a6e23a8c635c,.NET 8.0,False,True,False,True,Default,Default,False,False,False,Default,Default,Default,Default,Default,Default,Default,Default,12,Default,Default,Default,Default,Default,Default,Default,Default,16,4,ColdStart,Conditional/Ternary,407.5 ns,20.72 ns,16.18 ns,406.5 ns,390.9 ns,429.1 ns,0.07,0.00,0.2246,0.0005,0.0000,1.84 KB,0.09
CsEval_Interpreted_Cold,Job-JMXUSA,False,Default,Default,Default,Default,Default,Default,00000000000000,Empty,RyuJit,Default,Arm64,8c5e7fda-e8bf-4a96-9a85-a6e23a8c635c,.NET 8.0,False,True,False,True,Default,Default,False,False,False,Default,Default,Default,Default,Default,Default,Default,Default,12,Default,Default,Default,Default,Default,Default,Default,Default,16,4,ColdStart,Conditional/Ternary,"6,000.2 ns",154.04 ns,120.26 ns,"5,992.5 ns","5,850.1 ns","6,199.9 ns",1.00,0.03,2.5711,0.0000,0.0000,21.05 KB,1.00
CsEval_Compiled_Cold,Job-JMXUSA,False,Default,Default,Default,Default,Default,Default,00000000000000,Empty,RyuJit,Default,Arm64,8c5e7fda-e8bf-4a96-9a85-a6e23a8c635c,.NET 8.0,False,True,False,True,Default,Default,False,False,False,Default,Default,Default,Default,Default,Default,Default,Default,12,Default,Default,Default,Default,Default,Default,Default,Default,16,4,ColdStart,Conditional/Ternary,"55,632.6 ns",445.68 ns,347.96 ns,"55,575.1 ns","55,231.3 ns","56,321.9 ns",9.28,0.19,3.6621,1.8311,0.0000,30.45 KB,1.45
DynamicExpresso_Cold,Job-JMXUSA,False,Default,Default,Default,Default,Default,Default,00000000000000,Empty,RyuJit,Default,Arm64,8c5e7fda-e8bf-4a96-9a85-a6e23a8c635c,.NET 8.0,False,True,False,True,Default,Default,False,False,False,Default,Default,Default,Default,Default,Default,Default,Default,12,Default,Default,Default,Default,Default,Default,Default,Default,16,4,ColdStart,Conditional/Ternary,"118,557.0 ns","2,132.12 ns","1,664.62 ns","118,460.4 ns","116,914.9 ns","122,503.9 ns",19.77,0.46,7.8125,2.4414,0.0000,65.32 KB,3.10
Flee_Cold,Job-JMXUSA,False,Default,Default,Default,Default,Default,Default,00000000000000,Empty,RyuJit,Default,Arm64,8c5e7fda-e8bf-4a96-9a85-a6e23a8c635c,.NET 8.0,False,True,False,True,Default,Default,False,False,False,Default,Default,Default,Default,Default,Default,Default,Default,12,Default,Default,Default,Default,Default,Default,Default,Default,16,4,ColdStart,Conditional/Ternary,"421,129.6 ns","1,933.53 ns","1,398.07 ns","421,473.8 ns","418,540.2 ns","423,043.5 ns",70.21,1.36,69.3359,21.4844,0.0000,570.38 KB,27.10
Roslyn_Scripting_EvaluateAsync_Cold,Job-JMXUSA,False,Default,Default,Default,Default,Default,Default,00000000000000,Empty,RyuJit,Default,Arm64,8c5e7fda-e8bf-4a96-9a85-a6e23a8c635c,.NET 8.0,False,True,False,True,Default,Default,False,False,False,Default,Default,Default,Default,Default,Default,Default,Default,12,Default,Default,Default,Default,Default,Default,Default,Default,16,4,ColdStart,Conditional/Ternary,"18,423,944.4 ns","976,065.09 ns","762,047.42 ns","18,115,136.1 ns","17,541,320.3 ns","19,852,010.4 ns","3,071.66",135.53,437.5000,187.5000,62.5000,3427.12 KB,162.83
NCalc_Cold,Job-JMXUSA,False,Default,Default,Default,Default,Default,Default,00000000000000,Empty,RyuJit,Default,Arm64,8c5e7fda-e8bf-4a96-9a85-a6e23a8c635c,.NET 8.0,False,True,False,True,Default,Default,False,False,False,Default,Default,Default,Default,Default,Default,Default,Default,12,Default,Default,Default,Default,Default,Default,Default,Default,16,4,ColdStart,Functions/MathMix,512.3 ns,3.37 ns,2.44 ns,512.0 ns,509.3 ns,517.2 ns,0.03,0.00,0.2756,0.0000,0.0000,2.26 KB,0.06
CsEval_Interpreted_Cold,Job-JMXUSA,False,Default,Default,Default,Default,Default,Default,00000000000000,Empty,RyuJit,Default,Arm64,8c5e7fda-e8bf-4a96-9a85-a6e23a8c635c,.NET 8.0,False,True,False,True,Default,Default,False,False,False,Default,Default,Default,Default,Default,Default,Default,Default,12,Default,Default,Default,Default,Default,Default,Default,Default,16,4,ColdStart,Functions/MathMix,"15,085.9 ns",48.84 ns,38.13 ns,"15,091.0 ns","15,024.9 ns","15,153.7 ns",1.00,0.00,4.7302,0.2441,0.0000,38.79 KB,1.00
DynamicExpresso_Cold,Job-JMXUSA,False,Default,Default,Default,Default,Default,Default,00000000000000,Empty,RyuJit,Default,Arm64,8c5e7fda-e8bf-4a96-9a85-a6e23a8c635c,.NET 8.0,False,True,False,True,Default,Default,False,False,False,Default,Default,Default,Default,Default,Default,Default,Default,12,Default,Default,Default,Default,Default,Default,Default,Default,16,4,ColdStart,Functions/MathMix,"171,948.3 ns",643.03 ns,425.32 ns,"171,933.8 ns","171,146.7 ns","172,414.8 ns",11.40,0.04,14.6484,2.9297,0.0000,120.04 KB,3.09
CsEval_Compiled_Cold,Job-JMXUSA,False,Default,Default,Default,Default,Default,Default,00000000000000,Empty,RyuJit,Default,Arm64,8c5e7fda-e8bf-4a96-9a85-a6e23a8c635c,.NET 8.0,False,True,False,True,Default,Default,False,False,False,Default,Default,Default,Default,Default,Default,Default,Default,12,Default,Default,Default,Default,Default,Default,Default,Default,16,4,ColdStart,Functions/MathMix,"236,802.8 ns",650.36 ns,470.25 ns,"236,718.5 ns","236,203.9 ns","237,839.7 ns",15.70,0.05,6.8359,3.4180,0.0000,57.02 KB,1.47
Flee_Cold,Job-JMXUSA,False,Default,Default,Default,Default,Default,Default,00000000000000,Empty,RyuJit,Default,Arm64,8c5e7fda-e8bf-4a96-9a85-a6e23a8c635c,.NET 8.0,False,True,False,True,Default,Default,False,False,False,Default,Default,Default,Default,Default,Default,Default,Default,12,Default,Default,Default,Default,Default,Default,Default,Default,16,4,ColdStart,Functions/MathMix,"571,496.3 ns","2,599.86 ns","1,719.65 ns","571,356.2 ns","568,519.2 ns","575,074.6 ns",37.88,0.14,95.7031,29.2969,0.0000,790.98 KB,20.39
Roslyn_Scripting_EvaluateAsync_Cold,Job-JMXUSA,False,Default,Default,Default,Default,Default,Default,00000000000000,Empty,RyuJit,Default,Arm64,8c5e7fda-e8bf-4a96-9a85-a6e23a8c635c,.NET 8.0,False,True,False,True,Default,Default,False,False,False,Default,Default,Default,Default,Default,Default,Default,Default,12,Default,Default,Default,Default,Default,Default,Default,Default,16,4,ColdStart,Functions/MathMix,"18,585,221.4 ns","510,413.99 ns","398,497.67 ns","18,580,516.9 ns","18,074,158.9 ns","19,238,303.4 ns","1,231.97",25.55,468.7500,187.5000,62.5000,3592.96 KB,92.63
NCalc_Cold,Job-JMXUSA,False,Default,Default,Default,Default,Default,Default,00000000000000,Empty,RyuJit,Default,Arm64,8c5e7fda-e8bf-4a96-9a85-a6e23a8c635c,.NET 8.0,False,True,False,True,Default,Default,False,False,False,Default,Default,Default,Default,Default,Default,Default,Default,12,Default,Default,Default,Default,Default,Default,Default,Default,16,4,ColdStart,Mix/N(...)icate [23],463.4 ns,4.26 ns,3.08 ns,464.4 ns,459.4 ns,468.3 ns,0.06,0.00,0.2685,0.0005,0.0000,2.2 KB,0.09
CsEval_Interpreted_Cold,Job-JMXUSA,False,Default,Default,Default,Default,Default,Default,00000000000000,Empty,RyuJit,Default,Arm64,8c5e7fda-e8bf-4a96-9a85-a6e23a8c635c,.NET 8.0,False,True,False,True,Default,Default,False,False,False,Default,Default,Default,Default,Default,Default,Default,Default,12,Default,Default,Default,Default,Default,Default,Default,Default,16,4,ColdStart,Mix/N(...)icate [23],"7,233.7 ns",55.67 ns,40.25 ns,"7,232.0 ns","7,180.3 ns","7,314.4 ns",1.00,0.01,2.9373,0.0000,0.0000,24.04 KB,1.00
CsEval_Compiled_Cold,Job-JMXUSA,False,Default,Default,Default,Default,Default,Default,00000000000000,Empty,RyuJit,Default,Arm64,8c5e7fda-e8bf-4a96-9a85-a6e23a8c635c,.NET 8.0,False,True,False,True,Default,Default,False,False,False,Default,Default,Default,Default,Default,Default,Default,Default,12,Default,Default,Default,Default,Default,Default,Default,Default,16,4,ColdStart,Mix/N(...)icate [23],"45,929.3 ns","1,348.73 ns",975.22 ns,"45,548.3 ns","44,657.3 ns","47,573.4 ns",6.35,0.13,4.0283,1.9531,0.0000,32.93 KB,1.37
DynamicExpresso_Cold,Job-JMXUSA,False,Default,Default,Default,Default,Default,Default,00000000000000,Empty,RyuJit,Default,Arm64,8c5e7fda-e8bf-4a96-9a85-a6e23a8c635c,.NET 8.0,False,True,False,True,Default,Default,False,False,False,Default,Default,Default,Default,Default,Default,Default,Default,12,Default,Default,Default,Default,Default,Default,Default,Default,16,4,ColdStart,Mix/N(...)icate [23],"170,567.2 ns",828.59 ns,646.91 ns,"170,516.3 ns","169,353.0 ns","171,493.1 ns",23.58,0.15,18.5547,3.4180,0.0000,151.49 KB,6.30
Flee_Cold,Job-JMXUSA,False,Default,Default,Default,Default,Default,Default,00000000000000,Empty,RyuJit,Default,Arm64,8c5e7fda-e8bf-4a96-9a85-a6e23a8c635c,.NET 8.0,False,True,False,True,Default,Default,False,False,False,Default,Default,Default,Default,Default,Default,Default,Default,12,Default,Default,Default,Default,Default,Default,Default,Default,16,4,ColdStart,Mix/N(...)icate [23],"422,699.5 ns","3,622.38 ns","2,828.12 ns","422,725.6 ns","419,191.9 ns","427,006.8 ns",58.44,0.49,69.3359,21.4844,0.0000,569.2 KB,23.68
Roslyn_Scripting_EvaluateAsync_Cold,Job-JMXUSA,False,Default,Default,Default,Default,Default,Default,00000000000000,Empty,RyuJit,Default,Arm64,8c5e7fda-e8bf-4a96-9a85-a6e23a8c635c,.NET 8.0,False,True,False,True,Default,Default,False,False,False,Default,Default,Default,Default,Default,Default,Default,Default,12,Default,Default,Default,Default,Default,Default,Default,Default,16,4,ColdStart,Mix/N(...)icate [23],"17,866,763.9 ns","677,553.26 ns","448,159.53 ns","17,797,388.7 ns","17,329,069.0 ns","18,666,557.3 ns","2,470.02",60.49,437.5000,187.5000,62.5000,3431.37 KB,142.74
